key,name,email,passportNumber,birth,specialNeeds,draftMode,key:customer
#base-entity,"","","","","",""
passenger-01,"Lorem ipsum dolor sit amet, consectetur adipiscing elit. Sed do: eiusmod tempor incididunt ut labore et dolore magna aliqua! Ut*",acme@lorem-ipsum.org,A1B2C3D4,2012/07/02 0:00,Lorem ipsum dolor sit ame,true,customer-01
#name-standard,"","","","",""
passenger-02,L,acme@lorem-ipsum.org,A1B2C3D4,2012/07/02 0:00,Lorem ipsum dolor sit ame,true,customer-01
passenger-03,Lo,acme@lorem-ipsum.org,A1B2C3D4,2012/07/02 0:00,Lorem ipsum dolor sit ame,true,customer-01
passenger-04,"Lorem ipsum dolor sit amet, consectetur adipiscing elit. Sed do: eiusmod tempor incididunt ut labore et dolore magna aliqua! Ut enim ad minim veniam? Quis nostrud exercitation ullamco laboris nisi ut aliquip ex ea commodo consequat. Duis aute irure dolor",acme@lorem-ipsum.org,A1B2C3D4,2012/07/02 0:00,Lorem ipsum dolor sit ame,true,customer-01
passenger-05,"Lorem ipsum dolor sit amet, consectetur adipiscing elit. Sed do: eiusmod tempor incididunt ut labore et dolore magna aliqua! Ut enim ad minim veniam? Quis nostrud exercitation ullamco laboris nisi ut aliquip ex ea commodo consequat. Duis aute irure dolor*",acme@lorem-ipsum.org,A1B2C3D4,2012/07/02 0:00,Lorem ipsum dolor sit ame,true,customer-01
passenger-06,"Lorem ipsum dolor sit amet, consectetur adipiscing elit. Sed do: eiusmod tempor incididunt ut labore et dolore magna aliqua! Ut enim ad minim veniam? Quis nostrud exercitation ullamco laboris nisi ut aliquip ex ea commodo consequat. Duis aute irure dolor*",acme@lorem-ipsum.org,A1B2C3D4,2012/07/02 0:00,Lorem ipsum dolor sit ame,true,customer-01
passenger-07,โลเร็ม อิปซัม,acme@lorem-ipsum.org,A1B2C3D4,2012/07/02 0:00,Lorem ipsum dolor sit ame,true,customer-01
passenger-08,لوريم إيبسوم,acme@lorem-ipsum.org,A1B2C3D4,2012/07/02 0:00,Lorem ipsum dolor sit ame,true,customer-01
passenger-09,洛伦·伊普森,acme@lorem-ipsum.org,A1B2C3D4,2012/07/02 0:00,Lorem ipsum dolor sit ame,true,customer-01
passenger-10,<marquee>Hacked</marquee>,acme@lorem-ipsum.org,A1B2C3D4,2012/07/02 0:00,Lorem ipsum dolor sit ame,true,customer-01
passenger-11,<script>alert(‘Hacked!’);</script>,acme@lorem-ipsum.org,A1B2C3D4,2012/07/02 0:00,Lorem ipsum dolor sit ame,true,customer-01
passenger-12,' or 'A' = 'A,acme@lorem-ipsum.org,A1B2C3D4,2012/07/02 0:00,Lorem ipsum dolor sit ame,true,customer-01
#email-standart,"","","","","","",""
passenger-14,"Lorem ipsum dolor sit amet, consectetur adipiscing elit. Sed do: eiusmod tempor incididunt ut labore et dolore magna aliqua! Ut*",a@b.es,A1B2C3D4,2012/07/02 0:00,Lorem ipsum dolor sit ame,true,customer-01
passenger-15,"Lorem ipsum dolor sit amet, consectetur adipiscing elit. Sed do: eiusmod tempor incididunt ut labore et dolore magna aliqua! Ut*",a@b.esx,A1B2C3D4,2012/07/02 0:00,Lorem ipsum dolor sit ame,true,customer-01
passenger-16,"Lorem ipsum dolor sit amet, consectetur adipiscing elit. Sed do: eiusmod tempor incididunt ut labore et dolore magna aliqua! Ut*",lorem-ipsum@dolor.sit.amet.consectetur.adipiscing.elit.sed.do.eiusmod.tempor.incididunt.ut.labore.et.dolore.magna.aliqua.Ut.enim.ad.minim.veniam.quis.nostrud.exercitation.ullamco.laboris.nisi.ut.aliquip.ex.ea.commodo.consequat.duis.aute.irure.doloris.edu,A1B2C3D4,2012/07/02 0:00,Lorem ipsum dolor sit ame,true,customer-01
passenger-17,"Lorem ipsum dolor sit amet, consectetur adipiscing elit. Sed do: eiusmod tempor incididunt ut labore et dolore magna aliqua! Ut*",lorem-ipsum@dolor.sit.amet.consectetur.adipiscing.elit.sed.do.eiusmod.tempor.incididunt.ut.labore.et.dolore.magna.aliqua.Ut.enim.ad.minim.veniam.quis.nostrud.exercitation.ullamco.laboris.nisi.ut.aliquip.ex.ea.commodo.consequat.duis.aute.irure.dolor.es.org,A1B2C3D4,2012/07/02 0:00,Lorem ipsum dolor sit ame,true,customer-01
#passportNumber-standard
passenger-18,"Lorem ipsum dolor sit amet, consectetur adipiscing elit. Sed do: eiusmod tempor incididunt ut labore et dolore magna aliqua! Ut*",acme@lorem-ipsum.org,ABC123,2012/07/02 0:00,Lorem ipsum dolor sit ame,true,customer-01
passenger-19,"Lorem ipsum dolor sit amet, consectetur adipiscing elit. Sed do: eiusmod tempor incididunt ut labore et dolore magna aliqua! Ut*",acme@lorem-ipsum.org,X9T7QWZ,2012/07/02 0:00,Lorem ipsum dolor sit ame,true,customer-01
passenger-20,"Lorem ipsum dolor sit amet, consectetur adipiscing elit. Sed do: eiusmod tempor incididunt ut labore et dolore magna aliqua! Ut*",acme@lorem-ipsum.org,1234567,2012/07/02 0:00,Lorem ipsum dolor sit ame,true,customer-01
passenger-21,"Lorem ipsum dolor sit amet, consectetur adipiscing elit. Sed do: eiusmod tempor incididunt ut labore et dolore magna aliqua! Ut*",acme@lorem-ipsum.org,QWERTY9,2012/07/02 0:00,Lorem ipsum dolor sit ame,true,customer-01
#birth-standard,"","","","",""
passenger-22,"Lorem ipsum dolor sit amet, consectetur adipiscing elit. Sed do: eiusmod tempor incididunt ut labore et dolore magna aliqua! Ut*",acme@lorem-ipsum.org,A1B2C3D4,2000/01/01 0:00,Lorem ipsum dolor sit ame,true,customer-01
passenger-23,"Lorem ipsum dolor sit amet, consectetur adipiscing elit. Sed do: eiusmod tempor incididunt ut labore et dolore magna aliqua! Ut*",acme@lorem-ipsum.org,A1B2C3D4,2000/01/01 0:01,Lorem ipsum dolor sit ame,true,customer-01
passenger-24,"Lorem ipsum dolor sit amet, consectetur adipiscing elit. Sed do: eiusmod tempor incididunt ut labore et dolore magna aliqua! Ut*",acme@lorem-ipsum.org,A1B2C3D4,2024/12/31 23:59,Lorem ipsum dolor sit ame,true,customer-01
passenger-25,"Lorem ipsum dolor sit amet, consectetur adipiscing elit. Sed do: eiusmod tempor incididunt ut labore et dolore magna aliqua! Ut*",acme@lorem-ipsum.org,A1B2C3D4,2025/01/01 0:00,Lorem ipsum dolor sit ame,false,customer-01
#specialNeeds-standard,"","","","",""
passenger-26,"Lorem ipsum dolor sit amet, consectetur adipiscing elit. Sed do: eiusmod tempor incididunt ut labore et dolore magna aliqua! Ut*",acme@lorem-ipsum.org,A1B2C3D4,2012/07/02 0:00,L,true,customer-02
passenger-27,"Lorem ipsum dolor sit amet, consectetur adipiscing elit. Sed do: eiusmod tempor incididunt ut labore et dolore magna aliqua! Ut*",acme@lorem-ipsum.org,A1B2C3D4,2012/07/02 0:00,Lo,true,customer-02
passenger-28,"Lorem ipsum dolor sit amet, consectetur adipiscing elit. Sed do: eiusmod tempor incididunt ut labore et dolore magna aliqua! Ut*",acme@lorem-ipsum.org,A1B2C3D4,2012/07/02 0:00,"Lorem ipsum dolor sit amet, consectetur adipiscin",true,customer-02
passenger-29,"Lorem ipsum dolor sit amet, consectetur adipiscing elit. Sed do: eiusmod tempor incididunt ut labore et dolore magna aliqua! Ut*",acme@lorem-ipsum.org,A1B2C3D4,2012/07/02 0:00,"Lorem ipsum dolor sit amet, consectetur adipiscing",true,customer-02
passenger-30,"Lorem ipsum dolor sit amet, consectetur adipiscing elit. Sed do: eiusmod tempor incididunt ut labore et dolore magna aliqua! Ut*",acme@lorem-ipsum.org,A1B2C3D4,2012/07/02 0:00,โลเร็ม อิปซัม,true,customer-02
passenger-31,"Lorem ipsum dolor sit amet, consectetur adipiscing elit. Sed do: eiusmod tempor incididunt ut labore et dolore magna aliqua! Ut*",acme@lorem-ipsum.org,A1B2C3D4,2012/07/02 0:00,لوريم إيبسوم,true,customer-02
passenger-32,"Lorem ipsum dolor sit amet, consectetur adipiscing elit. Sed do: eiusmod tempor incididunt ut labore et dolore magna aliqua! Ut*",acme@lorem-ipsum.org,A1B2C3D4,2012/07/02 0:00,洛伦·伊普森,true,customer-02
passenger-33,"Lorem ipsum dolor sit amet, consectetur adipiscing elit. Sed do: eiusmod tempor incididunt ut labore et dolore magna aliqua! Ut*",acme@lorem-ipsum.org,A1B2C3D4,2012/07/02 0:00,<marquee>Hacked</marquee>,true,customer-02
passenger-34,"Lorem ipsum dolor sit amet, consectetur adipiscing elit. Sed do: eiusmod tempor incididunt ut labore et dolore magna aliqua! Ut*",acme@lorem-ipsum.org,A1B2C3D4,2012/07/02 0:00,<script>alert(‘Hacked!’);</script>,true,customer-02
#draftMode-standart,"","","","","",""
passenger-35,"Lorem ipsum dolor sit amet, consectetur adipiscing elit. Sed do: eiusmod tempor incididunt ut labore et dolore magna aliqua! Ut*",acme@lorem-ipsum.org,A1B2C3D4,2012/07/02 0:00,Lorem ipsum dolor sit ame,true,customer-02
passenger-36,"Lorem ipsum dolor sit amet, consectetur adipiscing elit. Sed do: eiusmod tempor incididunt ut labore et dolore magna aliqua! Ut*",acme@lorem-ipsum.org,A1B2C3D4,2012/07/02 0:00,Lorem ipsum dolor sit ame,false,customer-02
